Pricing Table ID (18 Digit),Active,Pricing Table: Pricing Table Name,OEM,Product Code,DI Brand Name,Pricing Table: Currency,Wholesale Price,Dealer Price,Website Tier,Package Product Code,DI Product: Charge Type,Billing Type,Hinge Day,End Hinge Day,Invoice Group,Docusign Required,Payment Terms,Bill Dealer,DI Pricing Method,OEM Product Code,Occurence,Designation,Related SF_GM OrderItems,GM Program,Pricing Table id as id,IsSecondary
a8j5b000001tyNKAAY,N,PT-1936,GM,ACCUTRADE-CONNECTED,Accu-Trade Connected,USD,$100.00,"$1,499.00",,N/A,Recurring,Arrears,15,32,GM_Alacarte,N,$60.00,N,Wholesale Price,AccuTradeConnected,Monthly,Package,,Trade,a8j5b000001tyNKAAY,
a8j5b000002tyNKAAY,N,PT-1936,Cadillac,ACCUTRADE-CONNECTED,Accu-Trade Connected,USD,$100.00,"$1,499.00",,N/A,Recurring,Arrears,15,32,GM_Alacarte,N,$60.00,N,Wholesale Price,AccuTradeConnectedCAD,Monthly,Package,,Trade,a8j5b000002tyNKAAY,FALSE
a8j5b000000tz4cAAA,Y,PT-2648,Cadillac,CARS-PREMIUM-DISPLAY,Cars Premium Display,USD,$0.00,$0.00,,N/A,Recurring,Arrears,15,32,No Invoice Group,N,$60.00,N,Wholesale Price,CARS-PREMIUM-DISPLAY,Monthly,A La Carte,,DigAd - Sales,a8j5b000000tz4cAAA,FALSE
a8j5b000000txutAAA,Y,PT-0173,Cadillac,DIG-AD-BOOST-CDLC-CMPGN1,Digital Ad Boost - Cadillac Campaign 1,USD,$0.00,$0.00,,N/A,Recurring,Arrears,15,32,GM_DigAd_Boost,N,$30.00,N,Dealer Price,digadcode199CAD,Monthly,A La Carte,,DigAd - Sales,a8j5b000000txutAAA,FALSE
a8j5b000000txuuAAA,Y,PT-0174,Cadillac,DIG-AD-BOOST-CDLC-CMPGN2,Digital Ad Boost - Cadillac Campaign 2,USD,$0.00,$0.00,,N/A,Recurring,Arrears,15,32,GM_DigAd_Boost,N,$30.00,N,Dealer Price,digadcode199CAD,Monthly,A La Carte,,DigAd - Sales,a8j5b000000txuuAAA,FALSE
a8j5b000000txyPAAQ,TRUE,PT-0391,GM,AlacarteBase_25,Video Production,USD,$125.00,$125.00,,N/A,One-Time,Arrears,15,32,GM_DigAd,N,$60.00,N,Dealer Price,AlacarteBase_25,One-Time,A La Carte,,Web,a8j5b000000txyPAAQ,
a8j5b000000txueAAA,N,PT-0158,Cadillac,APPLEWALLET,DI Wallet,USD,$0.00,$0.00,,N/A,Recurring,Arrears,15,32,GM_Alacarte,N,$60.00,N,Wholesale Price,APPLEWALLET,Monthly,A La Carte,,Web,a8j5b000000txueAAA,FALSE
a8j5b000000txufAAA,N,PT-0159,Cadillac,AUDIOEYE,AudioEye - ADA Accessibility,USD,$350.00,$350.00,,N/A,Recurring,Arrears,15,32,GM_Alacarte,N,$60.00,N,Wholesale Price,AUDIOEYE,Monthly,A La Carte,,Web,a8j5b000000txufAAA,FALSE
a8j5b000000tyNLAAY,N,PT-1937,GM,LEGACY-ACCUTRADE,Accu-Trade Appraiser Basic,USD,$0.00,$0.00,,N/A,Recurring,Arrears,15,32,GM_Alacarte,N,$60.00,N,Wholesale Price,Bronze-Single,Monthly,Package,,Trade,a8j5b000000tyNLAAY,
a8j5b000000txugAAA,N,PT-0160,Cadillac,CALL-TRACKING-CDLC,Call Tracking,USD,$0.00,$0.00,,N/A,Recurring,Arrears,15,32,GM_Alacarte,N,$60.00,N,Wholesale Price,CALL-TRACKING-CDLC,Monthly,A La Carte,,Web,a8j5b000000txugAAA,FALSE
a8j5b000000txuhAAA,N,PT-0161,Cadillac,CARS-FOR-SALE,Cars For Sale,USD,$0.00,$79.00,,N/A,Recurring,Arrears,15,32,GM_Alacarte,N,$60.00,N,Wholesale Price,DIGoogleBusiness-CAD,Monthly,A La Carte,,Web,a8j5b000000txuhAAA,FALSE
a8j5b000000txyUAAQ,FALSE,PT-0396,GM,CARS-FOR-SALE,Cars For Sale,USD,$0.00,$79.00,,N/A,Recurring,Arrears,1,32,GM_Alacarte,No,60,FALSE,Wholesale Price,DIGoogleBusiness,Monthly,A La Carte,,Web,a8j5b000000txuhAAA,
a8j5b000000txuvAAA,Y,PT-0175,Cadillac,DIG-AD-BOOST-CDLC-CMPGN3,Digital Ad Boost - Cadillac Campaign 3,USD,$0.00,$0.00,,N/A,Recurring,Arrears,15,32,GM_DigAd_Boost,N,$30.00,N,Dealer Price,digadcode199CAD,Monthly,A La Carte,,DigAd - Sales,a8j5b000000txuvAAA,FALSE
a8j5b000000tyNsAAI,Y,PT-1958,Cadillac,DIG-AD-SPEND-CDLC-BE,Digital Advertising Spend (Business Elite),USD,$0.00,$0.00,,N/A,Recurring,Arrears,15,32,GM_Business_Elite,N,$30.00,N,Dealer Price,digadcode89CAD,Monthly,A La Carte,,DigAd - Sales,a8j5b000000tyNsAAI,FALSE
a8j5b000000txyXAAQ,TRUE,PT-0399,GM,CONVO-TRADEEVAL-50,Conversations Managed 50,USD,$680.00,$800.00,,N/A,Recurring,Arrears,15,32,GM_Conversations,N,$60.00,N,Wholesale Price,ConversationsM502,Monthly,Package,,Chat,a8j5b000000txyXAAQ,
a8j5b000000txz2AAA,TRUE,PT-0430,GM,NON-DI-CONVO-TRADEEVAL-50,Conversations Managed 50 (Off Platform),USD,$680.00,$800.00,,N/A,Recurring,Arrears,15,32,GM_Conversations,N,$60.00,N,Wholesale Price,ConversationsM502,Monthly,Package,,Chat,a8j5b000000txz2AAA,
a8j5b000000txukAAA,TRUE,PT-0164,Cadillac,CONVO-TRADEEVAL-50,Conversations Managed 50,USD,$680.00,$800.00,,N/A,Recurring,Arrears,15,32,GM_Conversations,N,$60.00,N,Wholesale Price,ConversationsM502cad,Monthly,Package,,Chat,a8j5b000000txukAAA,FALSE
a8j5b000000txvGAAQ,TRUE,PT-0196,Cadillac,NON-DI-CONVO-TRADEEVAL-50,Conversations Managed 50 (Off Platform),USD,$680.00,$800.00,,N/A,Recurring,Arrears,15,32,GM_Conversations,N,$60.00,N,Wholesale Price,ConversationsM502cad,Monthly,Package,,Chat,a8j5b000000txvGAAQ,FALSE
a8j5b000000txyZAAQ,TRUE,PT-0401,GM,CONVO-TRADEEVAL-UL,Conversations Managed Unlimited,USD,$850.00,"$1,000.00",,N/A,Recurring,Arrears,15,32,GM_Conversations,N,$60.00,N,Wholesale Price,ConversationsMCU2,Monthly,Package,,Chat,a8j5b000000txyZAAQ,
a8j5b000000txz4AAA,TRUE,PT-0432,GM,NON-DI-CONVO-TRADEEVAL-UL,Conversations Managed Unlimited (Off Platform),USD,$850.00,"$1,000.00",,N/A,Recurring,Arrears,15,32,GM_Conversations,N,$60.00,N,Wholesale Price,ConversationsMCU2,Monthly,Package,,Chat,a8j5b000000txz4AAA,
a8j5b000000txumAAA,TRUE,PT-0166,Cadillac,CONVO-TRADEEVAL-UL,Conversations Managed Unlimited,USD,$850.00,"$1,000.00",,N/A,Recurring,Arrears,15,32,GM_Conversations,N,$60.00,N,Wholesale Price,ConversationsMCU2cad,Monthly,Package,,Chat,a8j5b000000txumAAA,FALSE
a8j5b000000txvIAAQ,TRUE,PT-0198,Cadillac,NON-DI-CONVO-TRADEEVAL-UL,Conversations Managed Unlimited (Off Platform),USD,$850.00,"$1,000.00",,N/A,Recurring,Arrears,15,32,GM_Conversations,N,$60.00,N,Wholesale Price,ConversationsMCU2cad,Monthly,Package,,Chat,a8j5b000000txvIAAQ,FALSE
a8j5b000000txyYAAQ,TRUE,PT-0400,GM,CONVO-TRADEEVAL-SM,Conversations Self Managed,USD,$510.00,$600.00,,N/A,Recurring,Arrears,15,32,GM_Conversations,N,$60.00,N,Wholesale Price,ConversationsSM2,Monthly,Package,,Chat,a8j5b000000txyYAAQ,
a8j5b000000txz3AAA,TRUE,PT-0431,GM,NON-DI-CONVO-TRADEEVAL-SM,Conversations Self Managed (Off Platform),USD,$510.00,$600.00,,N/A,Recurring,Arrears,15,32,GM_Conversations,N,$60.00,N,Wholesale Price,ConversationsSM2,Monthly,Package,,Chat,a8j5b000000txz3AAA,
a8j5b000000txulAAA,TRUE,PT-0165,Cadillac,CONVO-TRADEEVAL-SM,Conversations Self Managed,USD,$510.00,$600.00,,N/A,Recurring,Arrears,15,32,GM_Conversations,N,$60.00,N,Wholesale Price,ConversationsSM2cad,Monthly,Package,,Chat,a8j5b000000txulAAA,FALSE
a8j5b000000txvHAAQ,TRUE,PT-0197,Cadillac,NON-DI-CONVO-TRADEEVAL-SM,Conversations Self Managed (Off Platform),USD,$510.00,$600.00,,N/A,Recurring,Arrears,15,32,GM_Conversations,N,$60.00,N,Wholesale Price,ConversationsSM2cad,Monthly,Package,,Chat,a8j5b000000txvHAAQ,FALSE
a8j5b000000tyNKAAY,N,PT-1936,GM,ACCUTRADE-CORE,Accu-Trade Core,USD,$425.00,$499.00,,N/A,Recurring,Arrears,15,32,GM_Alacarte,N,$60.00,N,Wholesale Price,CoreSolution,Monthly,Package,,Trade,a8j5b000000tyNKAAY,
a8j5b000000tzQxAAI,N,PT-2948,Cadillac,ACCUTRADE-CORE,Accu-Trade Core,USD,$75.00,$499.00,,N/A,Recurring,Arrears,15,32,GM_Alacarte,N,$60.00,N,Wholesale Price,CoreSolution-CAD,Monthly,Package,,Trade,a8j5b000000tzQxAAI,FALSE
a8j5b000000txuoAAA,N,PT-0168,Cadillac,CROSERVICES,CRO Services,USD,$125.00,$125.00,,N/A,Recurring,Arrears,15,32,GM_Alacarte,N,$60.00,N,Wholesale Price,CRO,Monthly,A La Carte,,Web,a8j5b000000txuoAAA,FALSE
a8j5b000000txuqAAA,N,PT-0170,Cadillac,D2C2,Live Inventory and Incentives Support,USD,$199.00,$199.00,,N/A,Recurring,Arrears,15,32,GM_Alacarte,N,$60.00,N,Wholesale Price,D2C2,Monthly,A La Carte,,Web,a8j5b000000txuqAAA,FALSE
a8j5b000000txvPAAQ,Y,PT-0205,Cadillac,SEO-BASE-MGMT,SEO Standard Package - Management Fee,USD,$200.00,$200.00,,N/A,Recurring,Arrears,15,32,GM_DigAd,N,$30.00,N,Dealer Price,DDI_SEOP1Base_25CAD,Monthly,Management Fee,,SEO,a8j5b000000txvPAAQ,FALSE
a8j5b000000txzBAAQ,Y,PT-0439,GM,SEO-BASE-MGMT,SEO Standard Package - Management Fee,USD,$200.00,$200.00,,N/A,Recurring,Arrears,15,32,GM_DigAd,N,$30.00,N,Dealer Price,DDI_SEOP1Base_25,Monthly,Management Fee,,SEO,a8j5b000000txzBAAQ,
a8j5b000000txvTAAQ,Y,PT-0209,Cadillac,SEO-EXEC-MGMT,SEO Advanced Package - Management Fee,USD,$300.00,$300.00,,N/A,Recurring,Arrears,15,32,GM_DigAd,N,$30.00,N,Dealer Price,DDI_SEOP2CBase_25CAD,Monthly,Management Fee,,SEO,a8j5b000000txvTAAQ,FALSE
a8j5b000000txzFAAQ,Y,PT-0443,GM,SEO-EXEC-MGMT,SEO Advanced Package - Management Fee,USD,$300.00,$300.00,,N/A,Recurring,Arrears,15,32,GM_DigAd,N,$30.00,N,Dealer Price,DDI_SEOP2CBase_25,Monthly,Management Fee,,SEO,a8j5b000000txzFAAQ,
a8j5b000000txvRAAQ,Y,PT-0207,Cadillac,SEO-ELITE-MGMT,SEO Dominate Package - Management Fee,USD,$450.00,$450.00,,N/A,Recurring,Arrears,15,32,GM_DigAd,N,$30.00,N,Dealer Price,DDI_SEOP3Base_25CAD,Monthly,Management Fee,,SEO,a8j5b000000txvRAAQ,FALSE
a8j5b000000txzDAAQ,Y,PT-0441,GM,SEO-ELITE-MGMT,SEO Dominate Package - Management Fee,USD,$450.00,$450.00,,N/A,Recurring,Arrears,15,32,GM_DigAd,N,$30.00,N,Dealer Price,DDI_SEOP3Base_25,Monthly,Management Fee,,SEO,a8j5b000000txzDAAQ,
a8j5b000000txvOAAQ,Y,PT-0204,Cadillac,SEO-BASE,SEO Standard Package,USD,$799.00,$799.00,,N/A,Recurring,Arrears,15,32,GM_DigAd,N,$30.00,N,Dealer Price,DDI_SEOP1Base_25CAD,Monthly,Package,,SEO,a8j5b000000txvOAAQ,FALSE
a8j5b000000txzAAAQ,Y,PT-0438,GM,SEO-BASE,SEO Standard Package,USD,$799.00,$799.00,,N/A,Recurring,Arrears,15,32,GM_DigAd,N,$30.00,N,Dealer Price,DDI_SEOP1Base_25,Monthly,Package,,SEO,a8j5b000000txzAAAQ,
a8j5b000000txvSAAQ,Y,PT-0208,Cadillac,SEO-EXEC,SEO Advanced Package,USD,"$1,199.00","$1,199.00",,N/A,Recurring,Arrears,15,32,GM_DigAd,N,$30.00,N,Dealer Price,DDI_SEOP2Base_25CAD,Monthly,Package,,SEO,a8j5b000000txvSAAQ,FALSE
a8j5b000000txzEAAQ,Y,PT-0442,GM,SEO-EXEC,SEO Advanced Package,USD,"$1,199.00","$1,199.00",,N/A,Recurring,Arrears,15,32,GM_DigAd,N,$30.00,N,Dealer Price,DDI_SEOP2Base_25,Monthly,Package,,SEO,a8j5b000000txzEAAQ,
a8j5b000000txvQAAQ,Y,PT-0206,Cadillac,SEO-ELITE,SEO Dominate Package,USD,"$1,799.00","$1,799.00",,N/A,Recurring,Arrears,15,32,GM_DigAd,N,$30.00,N,Dealer Price,DDI_SEOP3Base_25CAD,Monthly,Package,,SEO,a8j5b000000txvQAAQ,FALSE
a8j5b000000txzCAAQ,Y,PT-0440,GM,SEO-ELITE,SEO Dominate Package,USD,"$1,799.00","$1,799.00",,N/A,Recurring,Arrears,15,32,GM_DigAd,N,$30.00,N,Dealer Price,DDI_SEOP3Base_25,Monthly,Package,,SEO,a8j5b000000txzCAAQ,
a8j5b000000txucAAA,Y,PT-0156,Cadillac,AlacarteBase_25,Video Production,USD,$125.00,$125.00,,N/A,One-Time,Arrears,15,32,GM_DigAd,N,$30.00,N,Dealer Price,DDI-AlacarteComm_0_CAD,One-Time,A La Carte,,Web,a8j5b000000txucAAA,FALSE
a8j5b000000txyfAAA,FALSE,PT-0407,GM,DICUSTOMDEV,DI Custom Development (One-Time),USD,$125.00,$125.00,,N/A,One-Time,Arrears,,,GM_Alacarte,N,$60.00,N,Wholesale Price,DEVHOURS,Monthly,Package,,Web,a8j5b000000txyfAAA,
a8j5b000000txusAAA,N,PT-0172,Cadillac,DICUSTOMDEV,DI Custom Development (One-Time),USD,$125.00,$125.00,,N/A,One-Time,Arrears,15,32,GM_Alacarte,N,$60.00,N,Wholesale Price,DEVHOURSC,One-Time,A La Carte,,Web,a8j5b000000txusAAA,FALSE
a8j5b000000txupAAA,Y,PT-0169,Cadillac,REDESIGNC,Redesign Fee (per hour),USD,$110.00,$125.00,,N/A,One-Time,Arrears,15,32,GM_Alacarte,N,$60.00,N,Dealer Price,DEVHOURSC,One-Time,A La Carte,,Web,a8j5b000000txupAAA,FALSE
a8j5b000000zxEFAAY,TRUE,PT-3172,GM,ANALYTICS,Analytics Package A,USD,$880.00,"$1,000.00",,N/A,Recurring,Arrears,0,15,GM_Alacarte,N,$30.00,N,Dealer Price,DIAnalyticsPckgA,One-Time,A La Carte,,Web,a8j5b000000zxEFAAY,
a8j5b000000zxEGAAY,Y,PT-3173,Cadillac,ANALYTICS,Analytics Package A,USD,$880.00,"$1,000.00",,N/A,Recurring,Arrears,15,32,GM_Alacarte,N,$60.00,N,Dealer Price,DIAnalyticsPckgA-CAD,Monthly,A La Carte,,Web,a8j5b000000zxEGAAY,FALSE
a8j5b000000zxEHAAY,TRUE,PT-3174,GM,ANALYTICS-B,Analytics Package B,USD,"$1,760.00","$2,000.00",,N/A,Recurring,Arrears,0,15,GM_Alacarte,N,$60.00,N,Dealer Price,DIAnalyticsPckgB,Monthly,A La Carte,,Web,a8j5b000000zxEHAAY,
a8j5b000000zxEIAAY,Y,PT-3175,Cadillac,ANALYTICS-B,Analytics Package B,USD,"$1,760.00","$2,000.00",,N/A,Recurring,Arrears,15,32,GM_Alacarte,N,$60.00,N,Dealer Price,DIAnalyticsPckgB-CAD,Monthly,A La Carte,,Web,a8j5b000000zxEIAAY,FALSE
a8j5b000000txv5AAA,Y,PT-0185,Cadillac,DLRTRACK-CREDITAPP-INTEGRATION,Dealer Track Credit App Integration,USD,$87.12,$99.00,,N/A,Recurring,Arrears,15,32,GM_Alacarte,N,$60.00,N,Dealer Price,DIDEALERTRACKRTE1-CAD,Monthly,A La Carte,,Web,a8j5b000000txv5AAA,FALSE
a8j5b000000tyNWAAY,TRUE,PT-1948,GM,FB-EXPORTS,Facebook Exports,USD,$131.12,$149.00,,N/A,Recurring,Arrears,0,15,GM_Alacarte,N,$60.00,N,Dealer Price,DIFBInvExports,Monthly,A La Carte,,Web,a8j5b000000tyNWAAY,
a8j5b000000zxEJAAY,Y,PT-3176,Cadillac,FB-EXPORTS,Facebook Exports,USD,$131.12,$149.00,,N/A,Recurring,Arrears,15,32,GM_Alacarte,N,$60.00,N,Dealer Price,DIFBInvExports-CAD,Monthly,A La Carte,,Web,a8j5b000000zxEJAAY,FALSE
a8j5b000000txudAAA,Y,PT-0157,Cadillac,ALACARTECOMM_25,Social Media Management,USD,$500.00,$500.00,,N/A,Recurring,Arrears,15,32,GM_DigAd,N,$30.00,N,Dealer Price,digadcode91CAD,Monthly,A La Carte,,DigAd - Sales,a8j5b000000txudAAA,FALSE
a8j5b000000tz5OAAQ,Y,PT-2696,Cadillac,DISPLAY,Programmatic Display,USD,$0.00,$0.00,,N/A,Recurring,Arrears,15,32,No Invoice Group,N,$60.00,N,Wholesale Price,digadcode92CAD,Monthly,A La Carte,,DigAd - Sales,a8j5b000000tz5OAAQ,FALSE
a8j5b000000tyNuAAI,Y,PT-1960,Cadillac,DIG-AD-SPEND-CDLC-VID,Digital Advertising Spend (Video),USD,$0.00,$0.00,,N/A,Recurring,Arrears,15,32,GM_DigAd,N,$30.00,N,Dealer Price,digadcode93cad,Monthly,A La Carte,,DigAd - Sales,a8j5b000000tyNuAAI,FALSE
a8j5b000000txv7AAA,Y,PT-0187,Cadillac,FUEL-MRR,Fuel PPC Software Fee (Non-Managed),USD,$0.00,$0.00,,N/A,Recurring,Arrears,15,32,GM_DigAd,N,$30.00,N,Dealer Price,FUEL-MRR,Monthly,A La Carte,,DigAd - Sales,a8j5b000000txv7AAA,FALSE
a8j5b000000zwp5AAA,Y,PT-3144,Cadillac,IN-MARKET-DISPLAY,In-Market Display,USD,$0.00,$0.00,,N/A,Recurring,Arrears,15,32,No Invoice Group,N,$60.00,N,Wholesale Price,IN-MARKET-DISPLAY,Monthly,A La Carte,,DigAd - Sales,a8j5b000000zwp5AAA,FALSE
a8j5b000000zwoLAAQ,Y,PT-3098,Cadillac,IN-MARKET-VIDEO,In-Market Video,USD,$0.00,$0.00,,N/A,Recurring,Arrears,15,32,No Invoice Group,N,$60.00,N,Wholesale Price,IN-MARKET-VIDEO,Monthly,A La Carte,,DigAd - Sales,a8j5b000000zwoLAAQ,FALSE
a8j5b000000tz4HAAQ,Y,PT-2627,Cadillac,INVENTORYSEARCHADS,Inventory Search Ads,USD,$0.00,$0.00,,N/A,Recurring,Arrears,15,32,No Invoice Group,N,$60.00,N,Wholesale Price,INVENTORYSEARCHADS,Monthly,A La Carte,,DigAd - Sales,a8j5b000000tz4HAAQ,FALSE
a8j5b000000tz50AAA,Y,PT-2672,Cadillac,PASSTHROUGHSPEND,Pass Through DigAd Spend,USD,$0.00,$0.00,,N/A,Recurring,Arrears,15,32,No Invoice Group,N,$60.00,N,Wholesale Price,PASSTHROUGHSPEND,Monthly,A La Carte,,DigAd - Sales,a8j5b000000tz50AAA,FALSE
a8j5b000000tyyJAAQ,Y,PT-2484,GM,FCBK-DATA-PCKG-1,Facebook Data Package 1,USD,$399.00,$399.00,,N/A,Recurring,Arrears,15,32,GM_DigAd,N,$30.00,N,Wholesale Price,digadcode94,Monthly,A La Carte,,DigAd - Sales,a8j5b000000tyyJAAQ,
a8j5b000000tyyOAAQ,Y,PT-2485,GM,FCBK-DATA-PCKG-2,Facebook Data Package 2,USD,$499.00,$499.00,,N/A,Recurring,Arrears,15,32,GM_DigAd,N,$30.00,N,Wholesale Price,digadcode95,Monthly,A La Carte,,DigAd - Sales,a8j5b000000tyyOAAQ,
a8j5b000000tyyPAAQ,Y,PT-2486,GM,FCBK-DATA-PCKG-3,Facebook Data Package 3,USD,$699.00,$699.00,,N/A,Recurring,Arrears,15,32,GM_DigAd,N,$30.00,N,Wholesale Price,digadcode96,Monthly,A La Carte,,DigAd - Sales,a8j5b000000tyyPAAQ,
a8j5b000000tz4eAAA,Y,PT-2650,GM,CARS-PREMIUM-DISPLAY,Cars Premium Display,USD,$0.00,$0.00,,N/A,Recurring,Arrears,15,32,No Invoice Group,N,$60.00,N,Wholesale Price,CARS-PREMIUM-DISPLAY,Monthly,A La Carte,,DigAd - Sales,a8j5b000000tz4eAAA,
a8j5b000000txygAAA,Y,PT-0408,GM,DIG-AD-BOOST-GM-CMPGN1,Digital Ad Boost - GM Campaign 1,USD,$0.00,$0.00,,N/A,Recurring,Arrears,15,32,GM_DigAd_Boost,N,$30.00,N,Dealer Price,DIG-AD-BOOST-GM-CMPGN1,Monthly,A La Carte,,DigAd - Sales,a8j5b000000txygAAA,
a8j5b000000txyhAAA,Y,PT-0409,GM,DIG-AD-BOOST-GM-CMPGN2,Digital Ad Boost - GM Campaign 2,USD,$0.00,$0.00,,N/A,Recurring,Arrears,15,32,GM_DigAd_Boost,N,$30.00,N,Dealer Price,DIG-AD-BOOST-GM-CMPGN2,Monthly,A La Carte,,DigAd - Sales,a8j5b000000txyhAAA,
a8j5b000000txyiAAA,Y,PT-0410,GM,DIG-AD-BOOST-GM-CMPGN3,Digital Ad Boost - GM Campaign 3,USD,$0.00,$0.00,,N/A,Recurring,Arrears,15,32,GM_DigAd_Boost,N,$30.00,N,Dealer Price,DIG-AD-BOOST-GM-CMPGN3,Monthly,A La Carte,,DigAd - Sales,a8j5b000000txyiAAA,
a8j5b000000txyjAAA3,Y,PT-0411,GM,DIG-AD-SPEND-GM,Digital Advertising Spend,USD,$0.00,"$7,501.00",,N/A,Recurring,Arrears,15,32,GM_DigAd,N,$30.00,N,Dealer Price,digadcode86,Monthly,Package,,DigAd - Sales,a8j5b000000txyjAAA,
a8j5b000000txyjAAA2,Y,PT-0411,GM,DIG-AD-SPEND-GM,Digital Advertising Spend,USD,$0.00,"$2,501.00",,N/A,Recurring,Arrears,15,32,GM_DigAd,N,$30.00,N,Dealer Price,digadcode87,Monthly,Package,,DigAd - Sales,a8j5b000000txyjAAA,
a8j5b000000txyjAAA1,Y,PT-0411,GM,DIG-AD-SPEND-GM,Digital Advertising Spend,USD,$0.00,"$2,500.00",,N/A,Recurring,Arrears,15,32,GM_DigAd,N,$30.00,N,Dealer Price,digadcode88,Monthly,Package,,DigAd - Sales,a8j5b000000txyjAAA,
a8j5b000000txykAAA,Y,PT-0412,GM,DIG-AD-SPEND-GM-BE,Digital Advertising Spend (Business Elite),USD,$0.00,$0.00,,N/A,Recurring,Arrears,15,32,GM_Business_Elite,N,$30.00,N,Dealer Price,digadcode89,Monthly,A La Carte,,DigAd - Sales,a8j5b000000txykAAA,
a8j5b000000txyQAAQ,Y,PT-0392,GM,ALACARTECOMM_25,Social Media Management,USD,$500.00,$500.00,,N/A,Recurring,Arrears,15,32,GM_DigAd,N,$30.00,N,Dealer Price,digadcode91,Monthly,A La Carte,,DigAd - Sales,a8j5b000000txyQAAQ,
a8j5b000000txzIAAQ,TRUE,PT-0446,GM,SINGLE-DIWEB-PAGE,Multi-Language Per Page Setup,USD,$88.00,$100.00,,N/A,One-Time,Arrears,,,GM_Alacarte,N,$60.00,N,Dealer Price,DIMultiLangPageSetup,Monthly,A La Carte,,Web,a8j5b000000txzIAAQ,
a8j5b000000txvWAAQ,Y,PT-0212,Cadillac,SINGLE-DIWEB-PAGE,Multi-Language Per Page Setup,USD,$88.00,$100.00,,N/A,One-Time,Arrears,15,32,GM_Alacarte,N,$60.00,N,Dealer Price,DIMultiLangPgSet-CAD,One-Time,A La Carte,,Web,a8j5b000000txvWAAQ,FALSE
a8j5b000000zxEKAAY,TRUE,PT-3177,GM,SINGLE-DIWEB-SETUP,Multi-Language Site Setup Fee,USD,$879.12,$999.00,,N/A,One-Time,Arrears,,,GM_Alacarte,N,$60.00,N,Dealer Price,DIMultiLangSetuDIMultiLangSetFee-CADpFee,Monthly,A La Carte,,Web,a8j5b000000zxEKAAY,
a8j5b000000txvNAAQ,N,PT-0203,Cadillac,PRIZM-DMS-CONNECTION,Enhanced Sales Reporting of PRIZM,USD,$199.00,$199.00,,N/A,Recurring,Arrears,15,32,GM_Alacarte,N,$60.00,N,Wholesale Price,DIPRIZMPLUSUP,Monthly,A La Carte,,Web,a8j5b000000txvNAAQ,FALSE
a8j5b000000txyuAAA,TRUE,PT-0422,GM,LANG-TOGGLE,Multilingual Website Translations,USD,$307.12,$349.00,,N/A,Recurring,Arrears,0,15,GM_Alacarte,N,$60.00,N,Dealer Price,DISingleSiteLangTogg,One-Time,A La Carte,,Web,a8j5b000000txyuAAA,
a8j5b000000txv8AAA,Y,PT-0188,Cadillac,LANG-TOGGLE,Multilingual Website Translations,USD,$307.12,$349.00,,N/A,Recurring,Arrears,15,32,GM_Alacarte,N,$60.00,N,Dealer Price,DISingSiteLangTog-CAD,Monthly,A La Carte,,Web,a8j5b000000txv8AAA,FALSE
a8j5b000000txvVAAQ,Y,PT-0211,Cadillac,SINGLE-DIWEB,Single Site (Multi-Language),USD,$879.12,$999.00,,N/A,Recurring,Arrears,15,32,GM_Alacarte,N,$60.00,N,Dealer Price,DISingSiteLangTog-CAD,Monthly,A La Carte,,Web,a8j5b000000txvVAAQ,FALSE
a8j5b000000txzMAAQ,TRUE,PT-0450,GM,VEHICLE-CONFIG,Vehicle Build and Price,USD,$175.12,$199.00,,N/A,Recurring,Arrears,0,15,GM_Alacarte,N,$60.00,N,Dealer Price,DIVehConf,Monthly,A La Carte,,Web,a8j5b000000txzMAAQ,
a8j5b000000txvaAAA,Y,PT-0216,Cadillac,VEHICLE-CONFIG,Vehicle Build and Price,USD,$175.12,$199.00,,N/A,Recurring,Arrears,15,32,GM_Alacarte,N,$60.00,N,Dealer Price,DIVehConf-CAD,Monthly,A La Carte,,Web,a8j5b000000txvaAAA,FALSE
a8j5b000000txzLAAQ,TRUE,PT-0449,GM,UNLMTD EXPORTS,Vehicle Syndication Solutions - Unlimited Exports,USD,$175.12,$199.00,,N/A,Recurring,Arrears,0,15,GM_Alacarte,N,$60.00,N,Dealer Price,DIVEHICLEEXPORTS,Monthly,A La Carte,,Web,a8j5b000000txzLAAQ,
a8j5b000000txvZAAQ,Y,PT-0215,Cadillac,UNLMTD EXPORTS,Vehicle Syndication Solutions - Unlimited Exports,USD,$175.12,$199.00,,N/A,Recurring,Arrears,15,32,GM_Alacarte,N,$60.00,N,Dealer Price,DIVEHICLEEXPORTSCAD,Monthly,A La Carte,,Web,a8j5b000000txvZAAQ,FALSE
a8j5b000000txzGAAQ,TRUE,PT-0444,GM,SINGLE EXPORT,Vehicle Syndication Solutions - Single Export,USD,$43.12,$49.00,,N/A,Recurring,Arrears,0,15,GM_Alacarte,N,$60.00,N,Dealer Price,DIVEHICLESINGLE,Monthly,A La Carte,,Web,a8j5b000000txzGAAQ,
a8j5b000000txvUAAQ,Y,PT-0210,Cadillac,SINGLE EXPORT,Vehicle Syndication Solutions - Single Export,USD,$43.12,$49.00,,N/A,Recurring,Arrears,15,32,GM_Alacarte,N,$60.00,N,Dealer Price,DIVEHICLESINGLECAD,Monthly,A La Carte,,Web,a8j5b000000txvUAAQ,FALSE
a8j5b000000txzNAAQ,FALSE,PT-0451,GM,VID-ONETIME,Video Services (One-Time),USD,$125.00,$125.00,,N/A,One-Time,Arrears,15,32,GM_Alacarte,N,$60.00,N,Wholesale Price,DIVIDEO,One-Time,A La Carte,,Web,a8j5b000000txzNAAQ,
a8j5b000000txvbAAA,N,PT-0217,Cadillac,VID-ONETIME,Video Services (One-Time),USD,$125.00,$125.00,,N/A,One-Time,Arrears,15,32,GM_Alacarte,N,$60.00,N,Wholesale Price,DIVIDEOC,One-Time,A La Carte,,Web,a8j5b000000txvbAAA,FALSE
a8j5b000000txuxAAA,Y,PT-0177,Cadillac,DIWEBPKG,Base Website Package,USD,"$1,363.12","$1,549.00",DIWEB-TIER1,WEB,Recurring,Arrears,15,32,GM_Website,N,$60.00,N,Dealer Price,DIWEBBASECAD,Monthly,Package,,Web,a8j5b000000txuxAAA,
a8j5b000000txynAAA,TRUE,PT-0415,GM,DIWEBPKG,Base Website Package,USD,"$1,363.12","$1,549.00",DIWEB-TIER1,WEB,Recurring,Arrears,0,15,GM_Website,N,$60.00,N,Dealer Price,DIWEBBASE,Monthly,A La Carte,,Web,a8j5b000000txynAAA,
a8j5b000000txv1AAA,Y,PT-0181,Cadillac,DIWEBPKG-CADILLAC,Cadillac Multi-line Discounted Base Website Package,USD,"$1,090.32","$1,239.00",DIWEB-TIER1,WEB,Recurring,Arrears,15,32,GM_Website,N,$60.00,N,Dealer Price,DIWEBBASECADSEC,Monthly,Package,,Web,a8j5b000000txv1AAA,
a8j5b000000txv2AAA,Y,PT-0182,Cadillac,DIWEBPKG-CADILLAC,Cadillac Multi-line Discounted Plus Website Package,USD,"$1,583.12","$1,799.00",DIWEB-TIER2,WEB,Recurring,Arrears,15,32,GM_Website,N,$60.00,N,Dealer Price,DIWEBPLUSCADSEC,Monthly,Package,,Web,a8j5b000000txv2AAA,
a8j5b000000txv3AAA,Y,PT-0183,Cadillac,DIWEBPKG-CADILLAC,Cadillac Multi-line Discounted Premier Website Package,USD,"$2,357.52","$2,679.00",DIWEB-TIER3,WEB,Recurring,Arrears,15,32,GM_Website,N,$60.00,N,Dealer Price,DIWEBPREMIERCADSEC,Monthly,Package,,Web,a8j5b000000txv3AAA,
a8j5b000000txyoAAA,TRUE,PT-0416,GM,DIWEBPKG,Plus Website Package,USD,"$1,979.12","$2,249.00",DIWEB-TIER2,WEB,Recurring,Arrears,0,15,GM_Website,N,$60.00,N,Dealer Price,DIWEBPLUS,One-Time,A La Carte,,Web,a8j5b000000txyoAAA,
a8j5b000000txuyAAA,Y,PT-0178,Cadillac,DIWEBPKG,Plus Website Package,USD,"$1,979.12","$2,249.00",DIWEB-TIER2,WEB,Recurring,Arrears,15,32,GM_Website,N,$60.00,N,Dealer Price,DIWEBPLUSCAD,Monthly,Package,,Web,a8j5b000000txuyAAA,
a8j5b000000txuzAAA,Y,PT-0179,Cadillac,DIWEBPKG,Premier Website Package,USD,"$2,947.12","$3,349.00",DIWEB-TIER3,WEB,Recurring,Arrears,15,32,GM_Website,N,$60.00,N,Dealer Price,DIWEBPREMIERCAD,Monthly,Package,,Web,a8j5b000000txuzAAA,
a8j5b000000txypAAA,TRUE,PT-0417,GM,DIWEBPKG,Premier Website Package,USD,"$2,947.12","$3,349.00",DIWEB-TIER3,WEB,Recurring,Arrears,0,15,GM_Website,N,$60.00,N,Dealer Price,DIWEBPREMIER,Monthly,A La Carte,,Web,a8j5b000000txypAAA,
a8j5b000000txv4AAA,N,PT-0184,Cadillac,DIWEBPKG-CADILLAC,Tier 4 Website Package,USD,$0.00,$0.00,DIWEB-TIER4,WEB,Recurring,Arrears,15,32,GM_Website,N,$60.00,N,Wholesale Price,DIWEBPKG-CADILLAC,Monthly,Package,,Web,a8j5b000000txv4AAA,
a8j5b000000tz5QAAQ,Y,PT-2698,GM,DISPLAY,Programmatic Display,USD,$0.00,$0.00,,N/A,Recurring,Arrears,15,32,No Invoice Group,N,$60.00,N,Wholesale Price,digadcode92,Monthly,A La Carte,,DigAd - Sales,a8j5b000000tz5QAAQ,
a8j5b000000txymAAA,Y,PT-0414,GM,DIG-AD-SPEND-GM-VID,Digital Advertising Spend (Video),USD,$0.00,$0.00,,N/A,Recurring,Arrears,15,32,GM_DigAd,N,$30.00,N,Dealer Price,digadcode93,Monthly,A La Carte,,DigAd - Sales,a8j5b000000txymAAA,
a8j5b000000zxENAAY,Y,PT-3180,Cadillac,HOMEPAGE-REDESIGN,Redesign Fee,USD,$110.00,$125.00,,N/A,One-Time,Arrears,15,32,GM_Alacarte,N,$60.00,N,Dealer Price,HOMEPAGE-REDESIGN,One-Time,A La Carte,,Web,a8j5b000000zxENAAY,FALSE
a8j5b000000txylAAA1,Y,PT-0413,GM,DIG-AD-SPEND-GM-FO,Digital Advertising Spend (Fixed Ops),USD,$0.00,$750.00,,N/A,Recurring,Arrears,15,32,GM_Fixed_Ops,N,$30.00,N,Dealer Price,digadcode97,Monthly,Package,,DigAd - Service,a8j5b000000txylAAA,
a8j5b000000txylAAA2,Y,PT-0413,GM,DIG-AD-SPEND-GM-FO,Digital Advertising Spend (Fixed Ops),USD,$0.00,"$1,250.00",,N/A,Recurring,Arrears,15,32,GM_Fixed_Ops,N,$30.00,N,Dealer Price,digadcode98,Monthly,Package,,DigAd - Service,a8j5b000000txylAAA,
a8j5b000000txylAAA3,Y,PT-0413,GM,DIG-AD-SPEND-GM-FO,Digital Advertising Spend (Fixed Ops),USD,$0.00,"$2,000.00",,N/A,Recurring,Arrears,15,32,GM_Fixed_Ops,N,$30.00,N,Dealer Price,digadcode99,Monthly,Package,,DigAd - Service,a8j5b000000txylAAA,
a8j5b000000txytAAA,Y,PT-0421,GM,FUEL-MRR,Fuel PPC Software Fee (Non-Managed),USD,$0.00,$0.00,,N/A,Recurring,Arrears,15,32,GM_DigAd,N,$30.00,N,Dealer Price,FUEL-MRR,Monthly,A La Carte,,DigAd - Sales,a8j5b000000txytAAA,
a8j5b000000txv0AAA,N,PT-0180,Cadillac,DIWEBPKG,Tier 4 Website Package,USD,$0.00,$0.00,DIWEB-TIER4,WEB,Recurring,Arrears,15,32,GM_Website,N,$60.00,N,Wholesale Price,INVALID-T-4-WEBSITE-CAD,Monthly,Package,,Web,a8j5b000000txv0AAA,
a8j5b000000zwp7AAA,Y,PT-3146,GM,IN-MARKET-DISPLAY,In-Market Display,USD,$0.00,$0.00,,N/A,Recurring,Arrears,15,32,No Invoice Group,N,$60.00,N,Wholesale Price,IN-MARKET-DISPLAY,Monthly,A La Carte,,DigAd - Sales,a8j5b000000zwp7AAA,
a8j5b000000zwoNAAQ,Y,PT-3100,GM,IN-MARKET-VIDEO,In-Market Video,USD,$0.00,$0.00,,N/A,Recurring,Arrears,15,32,No Invoice Group,N,$60.00,N,Wholesale Price,IN-MARKET-VIDEO,Monthly,A La Carte,,DigAd - Sales,a8j5b000000zwoNAAQ,
a8j5b000000txv9AAA,N,PT-0189,Cadillac,LEASECALC,Finance & Lease Calculator,USD,$0.00,$0.00,,N/A,Recurring,Arrears,15,32,GM_Alacarte,N,$60.00,N,Wholesale Price,LEASECALC,Monthly,A La Carte,,Web,a8j5b000000txv9AAA,FALSE
a8j5b000000txywAAA,FALSE,PT-0424,GM,MANAGED-SERVICES-400,Managed Services Standard Package,USD,$440.00,$500.00,,N/A,Recurring,Arrears,0,15,GM_Alacarte,N,$60.00,N,Dealer Price,MANAGEDSERVICE1,Monthly,A La Carte,,Web,a8j5b000000txywAAA,
a8j5b000000txvDAAQ,Y,PT-0193,Cadillac,MANAGED-SERVICES-STAND,Managed Services Standard (800 Credits),USD,$440.00,$500.00,,N/A,Recurring,Arrears,15,32,GM_Alacarte,N,$60.00,N,Dealer Price,MANAGEDSERVICE1C,Monthly,A La Carte,,Web,a8j5b000000txvDAAQ,FALSE
a8j5b000000txyxAAA,TRUE,PT-0425,GM,MANAGED-SERVICES-ADV,Managed Services Advanced Package,USD,$880.00,"$1,000.00",,N/A,Recurring,Arrears,0,15,GM_Alacarte,N,$60.00,N,Dealer Price,MANAGEDSERVICE2,Monthly,A La Carte,,Web,a8j5b000000txyxAAA,
a8j5b000000txvBAAQ,Y,PT-0191,Cadillac,MANAGED-SERVICES-ADV,Managed Services Advanced Package,USD,$880.00,"$1,000.00",,N/A,Recurring,Arrears,15,32,GM_Alacarte,N,$60.00,N,Dealer Price,MANAGEDSERVICE2C,Monthly,A La Carte,,Web,a8j5b000000txvBAAQ,FALSE
a8j5b000000txyyAAA,TRUE,PT-0426,GM,MANAGED-SERVICES-DOM,Managed Services Dominate Package,USD,"$1,320.00","$1,500.00",,N/A,Recurring,Arrears,0,15,GM_Alacarte,N,$60.00,N,Dealer Price,MANAGEDSERVICE3,Monthly,A La Carte,,Web,a8j5b000000txyyAAA,
a8j5b000000txvCAAQ,Y,PT-0192,Cadillac,MANAGED-SERVICES-DOM,Managed Services Dominate Package,USD,"$1,320.00","$1,500.00",,N/A,Recurring,Arrears,15,32,GM_Alacarte,N,$60.00,N,Dealer Price,MANAGEDSERVICE3C,Monthly,A La Carte,,Web,a8j5b000000txvCAAQ,FALSE
a8j5b000000txuiAAA,FALSE,PT-0162,Cadillac,CONVO-50,Conversations Managed Chat: Plus 50,USD,$479.00,$529.00,,N/A,Recurring,Arrears,15,32,GM_Conversations,N,$60.00,N,Wholesale Price,None,Monthly,Package,,Chat,a8j5b000000txuiAAA,FALSE
a8j5b000000txujAAA,FALSE,PT-0163,Cadillac,CONVO-SELFMNGD,Conversations Self-Managed Chat: Base Chat,USD,$319.00,$349.00,,N/A,Recurring,Arrears,15,32,GM_Conversations,N,$60.00,N,Wholesale Price,None,Monthly,Package,,Chat,a8j5b000000txujAAA,FALSE
a8j5b000000txunAAA,FALSE,PT-0167,Cadillac,CONVO-UNLIMITED,Conversations Managed Chat: Unlimited,USD,$638.00,$699.00,,N/A,Recurring,Arrears,15,32,GM_Conversations,N,$60.00,N,Wholesale Price,None,Monthly,Package,,Chat,a8j5b000000txunAAA,FALSE
a8j5b000000txvEAAQ,FALSE,PT-0194,Cadillac,NON-DI-CONVO-50,Conversations Managed Chat: Plus 50 (OFF PLATFORM),USD,$479.00,$529.00,,N/A,Recurring,Arrears,15,32,GM_Conversations,N,$60.00,N,Wholesale Price,None,Monthly,Package,,Chat,a8j5b000000txvEAAQ,FALSE
a8j5b000000txvFAAQ,FALSE,PT-0195,Cadillac,NON-DI-CONVO-SELFMNGD,Conversations Self-Managed Chat: Base Chat (OFF PLATFORM),USD,$319.00,$349.00,,N/A,Recurring,Arrears,15,32,GM_Conversations,N,$60.00,N,Wholesale Price,None,Monthly,Package,,Chat,a8j5b000000txvFAAQ,FALSE
a8j5b000000txvJAAQ,FALSE,PT-0199,Cadillac,NON-DI-CONVO-UNLIMITED,Conversations Managed Chat: Unlimited (OFF PLATFORM),USD,$638.00,$699.00,,N/A,Recurring,Arrears,15,32,GM_Conversations,N,$60.00,N,Wholesale Price,None,Monthly,Package,,Chat,a8j5b000000txvJAAQ,FALSE
a8j5b000000txvAAAQ,N,PT-0190,Cadillac,MANAGED-SERVICES-400,Managed Services Standard Package,USD,$440.00,$500.00,,N/A,Recurring,Arrears,15,32,GM_Alacarte,N,$60.00,N,Dealer Price,None,Monthly,A La Carte,,Web,a8j5b000000txvAAAQ,FALSE
a8j5b000000txvKAAQ,N,PT-0200,Cadillac,ONLINESHOP-ELECTRIC,Online Shopper Electric,USD,$967.12,"$1,099.00",,N/A,Recurring,Arrears,15,32,GM_Alacarte,N,$60.00,N,Dealer Price,None,Monthly,A La Carte,,Web,a8j5b000000txvKAAQ,FALSE
a8j5b000000tyXuAAI,Y,PT-2126,Cadillac,ROUTE-ONE-INTEGRATION,Route One Integration,USD,$87.12,$99.00,,N/A,Recurring,Arrears,15,32,GM_Alacarte,N,$60.00,N,Dealer Price,None,Monthly,A La Carte,,Web,a8j5b000000tyXuAAI,FALSE
a8j5b000000txyVAAQ,FALSE,PT-0397,GM,CONVO-50,Conversations Managed Chat: Plus 50,USD,$479.00,$529.00,,N/A,Recurring,Arrears,15,32,GM_Conversations,N,$60.00,N,Wholesale Price,None,Monthly,Package,,Chat,a8j5b000000txyVAAQ,
a8j5b000000txz0AAA,FALSE,PT-0428,GM,NON-DI-CONVO-50,Conversations Managed Chat: Plus 50 (OFF PLATFORM),USD,$479.00,$529.00,,N/A,Recurring,Arrears,15,32,GM_Conversations,N,$60.00,N,Wholesale Price,None,Monthly,Package,,Chat,a8j5b000000txz0AAA,
a8j5b000000txyaAAA,FALSE,PT-0402,GM,CONVO-UNLIMITED,Conversations Managed Chat: Unlimited,USD,$638.00,$699.00,,N/A,Recurring,Arrears,15,32,GM_Conversations,N,$60.00,N,Wholesale Price,None,Monthly,Package,,Chat,a8j5b000000txyaAAA,
a8j5b000000txz5AAA,FALSE,PT-0433,GM,NON-DI-CONVO-UNLIMITED,Conversations Managed Chat: Unlimited (OFF PLATFORM),USD,$638.00,$699.00,,N/A,Recurring,Arrears,15,32,GM_Conversations,N,$60.00,N,Wholesale Price,None,Monthly,Package,,Chat,a8j5b000000txz5AAA,
a8j5b000000txyWAAQ,FALSE,PT-0398,GM,CONVO-SELFMNGD,Conversations Self-Managed Chat: Base Chat,USD,$319.00,$349.00,,N/A,Recurring,Arrears,15,32,GM_Conversations,N,$60.00,N,Wholesale Price,None,Monthly,Package,,Chat,a8j5b000000txyWAAQ,
a8j5b000000txz1AAA,FALSE,PT-0429,GM,NON-DI-CONVO-SELFMNGD,Conversations Self-Managed Chat: Base Chat (OFF PLATFORM),USD,$319.00,$349.00,,N/A,Recurring,Arrears,15,32,GM_Conversations,N,$60.00,N,Wholesale Price,None,Monthly,Package,,Chat,a8j5b000000txz1AAA,
a8j5b000000txySAAQ,FALSE,PT-0394,GM,AUDIOEYE,AudioEye - ADA Accessibility,USD,$350.00,$350.00,,N/A,Recurring,Arrears,1,32,GM_Alacarte,N,$60.00,N,Wholesale Price,None,Monthly,A La Carte,,Web,a8j5b000000txySAAQ,
a8j5b000000txyzAAA,FALSE,PT-0427,GM,MANAGED-SERVICES-STAND,B-MS Bundled 800 Credits or 8 Assets,USD,$500.00,$500.00,,N/A,Recurring,Arrears,1,32,GM_Alacarte,N,$60.00,N,Wholesale Price,None,Monthly,A La Carte,,Web,a8j5b000000txyzAAA,
a8j5b000000txyTAAQ,FALSE,PT-0395,GM,CALL-TRACKING-GM,Call Tracking,USD,$0.00,$0.00,,N/A,Recurring,Arrears,32,32,GM_Alacarte,N,$60.00,N,Wholesale Price,None,Monthly,A La Carte,,Web,a8j5b000000txyTAAQ,
a8j5b000000tyTHAAY,FALSE,PT-2067,GM,CARS-FOR-SALE-A-LA-CARTE,Cars For Sale A la Carte,USD,$79.00,$79.00,,N/A,Recurring,Arrears,1,32,GM_Alacarte,N,$60.00,N,Wholesale Price,None,Monthly,A La Carte,,Web,a8j5b000000tyTHAAY,
a8j5b000000txybAAA,FALSE,PT-0403,GM,CROSERVICES,CRO Services,USD,$125.00,$125.00,,N/A,Recurring,Arrears,1,32,GM_Alacarte,N,$60.00,N,Wholesale Price,None,Monthly,A La Carte,,Web,a8j5b000000txybAAA,
a8j5b000000txyRAAQ,FALSE,PT-0393,GM,APPLEWALLET,DI Wallet,USD,$0.00,$0.00,,N/A,Recurring,Arrears,1,32,GM_Alacarte,N,$60.00,N,Wholesale Price,None,Monthly,Package,,Web,a8j5b000000txyRAAQ,
a8j5b000000txz9AAA,FALSE,PT-0437,GM,PRIZM-DMS-CONNECTION,Enhanced Sales Reporting of PRIZM,USD,$199.00,$199.00,,N/A,Recurring,Arrears,1,32,GM_Alacarte,N,$60.00,N,Wholesale Price,None,Monthly,Package,,Web,a8j5b000000txz9AAA,
a8j5b000000txyvAAA,FALSE,PT-0423,GM,LEASECALC,Finance & Lease Calculator,USD,$0.00,$0.00,,N/A,Recurring,Arrears,1,32,GM_Alacarte,N,$60.00,N,Wholesale Price,None,Monthly,A La Carte,,Web,a8j5b000000txyvAAA,
a8j5b000000txydAAA,FALSE,PT-0405,GM,D2C2,Live Inventory and Incentives Support,USD,$199.00,$199.00,,N/A,Recurring,Arrears,1,32,GM_Alacarte,N,$60.00,N,Wholesale Price,None,Monthly,A La Carte,,Web,a8j5b000000txydAAA,
a8jKi000000blJXIAY,TRUE,PT-3184,GM,MANAGED-SERVICES-STAND,Managed Services Standard (800 Credits),USD,$440.00,$500.00,,N/A,Recurring,Arrears,0,15,GM_Alacarte,N,$60.00,N,Dealer Price,None,One-Time,A La Carte,,Web,a8jKi000000blJXIAY,
a8j5b000000txz6AAA,FALSE,PT-0434,GM,ONLINESHOP-ELECTRIC,Online Shopper Electric,USD,$967.12,"$1,099.00",,N/A,Recurring,Arrears,1,32,GM_Alacarte,N,$60.00,N,Dealer Price,None,Monthly,A La Carte,,Web,a8j5b000000txz6AAA,
a8j5b000000txz7AAA,FALSE,PT-0435,GM,PERSONALIZER-GEO,Personalizer with GeoFencing,USD,$0.00,$0.00,,N/A,Recurring,Arrears,1,32,GM_Alacarte,N,$60.00,N,Wholesale Price,None,Monthly,A La Carte,,Web,a8j5b000000txz7AAA,
a8j5b000000txz8AAA,FALSE,PT-0436,GM,PRIZM-BASE,PRIZM Base,USD,$0.00,$0.00,,N/A,Recurring,Arrears,1,32,GM_Alacarte,N,$60.00,N,Wholesale Price,None,Monthly,A La Carte,,Web,a8j5b000000txz8AAA,
a8j5b000000txycAAA,TRUE,PT-0404,GM,REDESIGN,Redesign Fee (per hour),USD,$110.00,$125.00,,N/A,One-Time,Arrears,15,32,GM_Alacarte,N,$60.00,N,Dealer Price,None,Monthly,A La Carte,,Web,a8j5b000000txycAAA,FALSE
a8j5b000000zug0AAA,FALSE,PT-3028,GM,ROI-DASH,ROI Dashboard,USD,$0.00,$0.00,,N/A,Recurring,Arrears,10,10,GM_Alacarte,N,$60.00,N,Dealer Price,None,Monthly,A La Carte,,Web,a8j5b000000zug0AAA,
a8j5b000000tyNVAAY,TRUE,PT-1947,GM,ROUTE-ONE-INTEGRATION,Route One Integration,USD,$87.12,$99.00,,N/A,Recurring,Arrears,0,15,GM_Alacarte,N,$60.00,N,Dealer Price,None,Monthly,A La Carte,,Web,a8j5b000000tyNVAAY,
a8j5b000000txzHAAQ,TRUE,PT-0445,GM,SINGLE-DIWEB,Single Site (Multi-Language),USD,$879.12,$999.00,,N/A,Recurring,Arrears,0,15,GM_Alacarte,N,$60.00,N,Dealer Price,None,Monthly,Package,,Web,a8j5b000000txzHAAQ,
a8j5b000000txyqAAA,FALSE,PT-0418,GM,DIWEBPKG,Tier 4 Website Package,USD,$0.00,$0.00,DIWEB-TIER4,WEB,Recurring,Arrears,1,32,GM_Website,N,$60.00,N,Wholesale Price,None,Monthly,A La Carte,,Web,a8j5b000000txyqAAA,
a8j5b000000zu41AAA,TRUE,PT-3012,GM,ONSHOP-MRR,Online Shopper (CIQ),USD,$967.12,"$1,099.00",,N/A,Recurring,Arrears,0,15,GM_Alacarte,N,$60.00,N,Dealer Price,ONSHOPELECTRIC,Monthly,A La Carte,,Web,a8j5b000000zu41AAA,
a8j5b000000zua7AAA,Y,PT-3027,Cadillac,ONSHOP-MRR,Online Shopper (CIQ),USD,$967.12,"$1,099.00",,N/A,Recurring,Arrears,15,32,GM_Alacarte,N,$60.00,N,Dealer Price,ONSHOPELECTRICC,Monthly,A La Carte,,Web,a8j5b000000zua7AAA,FALSE
a8j5b000000tz4JAAQ,Y,PT-2629,GM,INVENTORYSEARCHADS,Inventory Search Ads,USD,$0.00,$0.00,,N/A,Recurring,Arrears,15,32,No Invoice Group,N,$60.00,N,Wholesale Price,INVENTORYSEARCHADS,Monthly,A La Carte,,DigAd - Sales,a8j5b000000tz4JAAQ,
a8j5b000000tz52AAA,Y,PT-2674,GM,PASSTHROUGHSPEND,Pass Through DigAd Spend,USD,$0.00,$0.00,,N/A,Recurring,Arrears,15,32,No Invoice Group,N,$60.00,N,Wholesale Price,PASSTHROUGHSPEND,Monthly,A La Carte,,DigAd - Sales,a8j5b000000tz52AAA,
a8j5b000000txvLAAQ,N,PT-0201,Cadillac,PERSONALIZER-GEO,Personalizer with GeoFencing,USD,$0.00,$0.00,,N/A,Recurring,Arrears,15,32,GM_Alacarte,N,$60.00,N,Wholesale Price,PERSONALIZER-GEO,Monthly,A La Carte,,Web,a8j5b000000txvLAAQ,FALSE
a8j5b000000tyNNAAY,N,PT-1939,GM,LEGACY-APPRAISER-PRO,Accu-Trade Appraiser Pro,USD,$0.00,$0.00,,N/A,Recurring,Arrears,15,32,GM_Alacarte,N,$60.00,N,Wholesale Price,Plat-Guaran+,Monthly,Package,,Trade,a8j5b000000tyNNAAY,
a8j5b000000txvMAAQ,N,PT-0202,Cadillac,PRIZM-BASE,PRIZM Base,USD,$0.00,$0.00,,N/A,Recurring,Arrears,15,32,GM_Alacarte,N,$60.00,N,Wholesale Price,PRIZM-BASE,Monthly,A La Carte,,Web,a8j5b000000txvMAAQ,FALSE
a8j5b000000zxEMAAY,TRUE,PT-3179,GM,HOMEPAGE-REDESIGN,HOMEPAGE-REDESIGN,USD,$110.00,$125.00,,N/A,One-Time,Arrears,15,32,GM_Alacarte,N,$60.00,N,Dealer Price,REDESIGN,Monthly,A La Carte,,Web,a8j5b000000zxEMAAY,FALSE
a8j5b000000zug5AAA,N,PT-3029,Cadillac,ROI-DASH,ROI Dashboard,USD,$0.00,$0.00,,N/A,Recurring,Arrears,15,32,GM_Alacarte,N,$60.00,N,Dealer Price,ROI-DASH,Monthly,A La Carte,,Web,a8j5b000000zug5AAA,FALSE
a8j5b000000zxELAAY,Y,PT-3178,Cadillac,SINGLE-DIWEB-SETUP,Multi-Language Site Setup Fee,USD,$879.12,$999.00,,N/A,One-Time,Arrears,15,32,GM_Alacarte,N,$60.00,N,Dealer Price,SECONDLANGSITEC,One-Time,A La Carte,,Web,a8j5b000000zxELAAY,FALSE
a8j5b000000tyNMAAY,N,PT-1938,GM,LEGACY-APPRAISER-PLUS,Accu-Trade Appraiser Plus,USD,$0.00,$0.00,,N/A,Recurring,Arrears,15,32,GM_Alacarte,N,$60.00,N,Wholesale Price,Silver-Guaran+,Monthly,Package,,Trade,a8j5b000000tyNMAAY,
a8j5b000000txzKAAQ,TRUE,PT-0448,GM,SPLASHPAGE-MRR,Splash Page,USD,$439.12,$499.00,,N/A,Recurring,Arrears,0,15,GM_Alacarte,N,$60.00,N,Dealer Price,SPLASHPAGE,Monthly,A La Carte,,Web,a8j5b000000txzKAAQ,
a8j5b000000txvYAAQ,Y,PT-0214,Cadillac,SPLASHPAGE-MRR,Splash Page,USD,$439.12,$499.00,,N/A,Recurring,Arrears,15,32,GM_Alacarte,N,$60.00,N,Dealer Price,SPLASHPAGECAD,Monthly,A La Carte,,Web,a8j5b000000txvYAAQ,FALSE
a8j5b000000txyrAAA,TRUE,PT-0419,GM,DLRTRACK-CREDITAPP-INTEGRATION,Dealer Track Credit App Integration,USD,$87.12,$99.00,,N/A,Recurring,Arrears,0,15,GM_Alacarte,N,$60.00,N,Dealer Price,DIDEALERTRACKROUTE1,One-Time,A La Carte,,Web,a8j5b000000txyrAAA,
a8j5b000000txuwAAA3,Y,PT-0411,Cadillac,DIG-AD-SPEND-CDLC,Digital Advertising Spend,USD,$0.00,"$7,501.00",,N/A,Recurring,Arrears,15,32,GM_DigAd,N,$30.00,N,Dealer Price,digadcode86CAD,Monthly,Package,,DigAd - Sales,a8j5b000000txyjAAA,
a8j5b000000txuwAAA2,Y,PT-0411,Cadillac,DIG-AD-SPEND-CDLC,Digital Advertising Spend,USD,$0.00,"$2,501.00",,N/A,Recurring,Arrears,15,32,GM_DigAd,N,$30.00,N,Dealer Price,digadcode87CAD,Monthly,Package,,DigAd - Sales,a8j5b000000txyjAAA,
a8j5b000000txuwAAA1,Y,PT-0411,Cadillac,DIG-AD-SPEND-CDLC,Digital Advertising Spend,USD,$0.00,"$2,500.00",,N/A,Recurring,Arrears,15,32,GM_DigAd,N,$30.00,N,Dealer Price,digadcode88CAD,Monthly,Package,,DigAd - Sales,a8j5b000000txyjAAA,
a8j5b000000tyNtAAI1,TRUE,PT-1959,Cadillac,DIG-AD-SPEND-CDLC-FO,Digital Advertising Spend (Fixed Ops),USD,0,0,,N/A,Recurring,Arrears,15,32,GM_Fixed_Ops,No,30,FALSE,Dealer Price,digadcode97CAD,Monthly,Package,,DigAd - Service,a8j5b000000tyNtAAI,
a8j5b000000tyNtAAI2,TRUE,PT-1959,Cadillac,DIG-AD-SPEND-CDLC-FO,Digital Advertising Spend (Fixed Ops),USD,0,0,,N/A,Recurring,Arrears,15,32,GM_Fixed_Ops,No,30,FALSE,Dealer Price,digadcode98CAD,Monthly,Package,,DigAd - Service,a8j5b000000tyNtAAI,
a8j5b000000tyNtAAI3,TRUE,PT-1959,Cadillac,DIG-AD-SPEND-CDLC-FO,Digital Advertising Spend (Fixed Ops),USD,0,0,,N/A,Recurring,Arrears,15,32,GM_Fixed_Ops,No,30,FALSE,Dealer Price,digadcode99CAD,Monthly,Package,,DigAd - Service,a8j5b000000tyNtAAI,
a8j5b000000tyyJAAQcad,Y,PT-2484,Cadillac,FCBK-DATA-PCKG-1,Facebook Data Package 1,USD,$399.00,$399.00,,N/A,Recurring,Arrears,15,32,GM_DigAd,N,$30.00,N,Wholesale Price,digadcode94cad,Monthly,A La Carte,,DigAd - Sales,a8j5b000000tyyJAAQcad,
a8j5b000000tyyOAAQcad,Y,PT-2485,Cadillac,FCBK-DATA-PCKG-2,Facebook Data Package 2,USD,$499.00,$499.00,,N/A,Recurring,Arrears,15,32,GM_DigAd,N,$30.00,N,Wholesale Price,digadcode95cad,Monthly,A La Carte,,DigAd - Sales,a8j5b000000tyyOAAQcad,
a8j5b000000tyyPAAQcad,Y,PT-2486,Cadillac,FCBK-DATA-PCKG-3,Facebook Data Package 3,USD,$699.00,$699.00,,N/A,Recurring,Arrears,15,32,GM_DigAd,N,$30.00,N,Wholesale Price,digadcode96cad,Monthly,A La Carte,,DigAd - Sales,a8j5b000000tyyPAAQcad,